ID, X1, X2
1,0.129885993,0.280894844
2,3.812703583,5.545878694
3,5.654112378,8.259121905
4,6.780944625,7.290106472
5,7.935260586,6.547194641
6,5.956433225,6.450293097
7,7.632939739,8.194520876
